<?xml version="1.0" encoding="UTF-8" standalone="yes"?>
<manifest>
  <control namespace="HaseebAhmad" constructor="CRMPCFProject" version="0.0.1" display-name-key="CRMPCFProject" description-key="CRMPCFProject description" control-type="standard" api-version="1.3.18">
    <type-group name="sensitiveFields">
      <type>SingleLine.Text</type>
      <type>SingleLine.Email</type>
      <type>SingleLine.Phone</type>
      <type>Whole.None</type>
      <type>TwoOptions</type>
    </type-group>
    <property name="sampleProperty" display-name-key="Property_Display_Key" description-key="Property_Desc_Key" of-type-group="sensitiveFields" usage="bound" required="true"/>
    <resources>
      <code path="bundle.js" order="1"/>
      <css path="css/CRMPCFProject.css" order="2"/>
    </resources>
    <feature-usage/>
    <built-by name="pac" version="1.48.2"/>
  </control>
</manifest>